<?xml version="1.0" encoding="UTF-8" standalone="no"?>
<manifest   identifier="CEPA_SCORM2004" version="1.0"
			xmlns="http://www.imsglobal.org/xsd/imscp_v1p1"
			xmlns:adlcp="http://www.adlnet.org/xsd/adlcp_v1p3"
			xmlns:adlseq="http://www.adlnet.org/xsd/adlseq_v1p3"
			xmlns:adlnav="http://www.adlnet.org/xsd/adlnav_v1p3"
			xmlns:imsss="http://www.imsglobal.org/xsd/imsss"
			xmlns:xsi="http://www.w3.org/2001/XMLSchema-instance"
			xsi:schemaLocation="http://www.imsglobal.org/xsd/imscp_v1p1 imscp_v1p1.xsd
			http://www.imsglobal.org/xsd/imsss imsss_v1p0.xsd
			http://www.adlnet.org/xsd/adlcp_v1p3 adlcp_v1p3.xsd
			http://www.adlnet.org/xsd/adlseq_v1p3 adlseq_v1p3.xsd
			http://www.adlnet.org/xsd/adlnav_v1p3 adlnav_v1p3.xsd" >
<metadata>
	<schema>ADL SCORM</schema>
	<schemaversion>2004 3rd Edition</schemaversion>
</metadata>
<organizations default="CEPA">
	<organization identifier="CEPA">
		<title>Título</title>
		<item identifier="item1" identifierref="item1_resource">
			<title>Exercício</title>
		</item>
		<imsss:sequencing>
			<imsss:controlMode choiceExit="true" flow="true"/>
			<imsss:deliveryControls completionSetByContent="true" objectiveSetByContent="true"/>
		</imsss:sequencing>
	</organization>
</organizations>
<resources>
	<resource identifier="item1_resource" adlcp:scormType="sco" href="index.html" type="webcontent">
    <file href="./index.html"/>
    <file href="./js/ai.js"/>
	<file href="./js/jquery-1.4.2.min.js"/>
  	<file href="./js/swfobject.js"/>
   	<file href="./js/scorm_wrapper.min.js"/>
    <file href="./swf/AI-0073.swf"/>
    <file href="./swf/AI_Loader.swf"/>
    <file href="./swf/expressInstall.swf"/>
	</resource>
</resources>
</manifest>